{
    "inference_time_ms": 3.099989891052246,
    "memory_used_mb": 0.00390625,
    "cpu_usage_percent": 22.1,
    "precision": 0.9308785409681943,
    "recall": 0.9307435878041789,
    "f1_score": 0.9304756394660703,
    "accuracy": 0.9287244401168452
}