{
    "inference_time_ms": 801.6000270843506,
    "memory_used_mb": 0.08984375,
    "cpu_usage_percent": 0.0,
    "precision": 0.9348003912497188,
    "recall": 0.9352512057439432,
    "f1_score": 0.9349102241224,
    "accuracy": 0.9339824732229796
}