{
    "inference_time_ms": 2274.699878692627,
    "memory_used_mb": 0.00390625,
    "cpu_usage_percent": 3.5,
    "precision": 0.9787601961187923,
    "recall": 0.9790458296889253,
    "f1_score": 0.9787672553619147,
    "accuracy": 0.9791626095423563
}